Time (s),Distance (m),Energy Left (Wh)
23.20000000000003, 668160, -25712
15.199999999999992, 437760, -36480
15.199999999999992, 437760, -47248
15.199999999999992, 437760, -58016
15.199999999999992, 437760, -68784
