Time (s),Distance (m),Energy Left (Wh)
23.20000000000003, 668160, 2175.7165377203232
19.400000000000027, 558720, 3397.946275979542
21.20000000000003, 610560, 2880.2140768332856
20.50000000000003, 590400, 3093.8433690926886
20.800000000000033, 599040, 3004.266433182828
20.70000000000003, 596160, 3034.4513344667766
20.70000000000003, 596160, 3034.4513344667766
