Velocity (m/s),Distance (m),BatteryWLosses (Wh)
23.20000000000003, 668160, 1824.770071993263
18.900000000000034, 544320, 3340.688343252727
21.10000000000003, 607680, 2652.239363881407
20.20000000000003, 581760, 2954.4319237375134
20.60000000000003, 593280, 2823.7799714929943
20.400000000000027, 587520, 2889.8252033926483
20.50000000000003, 590400, 2856.983669394147
